{"search":"","showTags":true,"showAttachments":false,"hideUnresolved":false,"showOrphans":true,"showArrow":true,"textFadeMultiplier":0.3,"nodeSizeMultiplier":1.3022384784199,"lineSizeMultiplier":1.10795903438186,"centerStrength":0.376383408719084,"repelStrength":10.1703397170628,"linkStrength":0.414204600134732,"linkDistance":218,"scale":0.1207315802692967}