{"search":"","showTags":true,"showAttachments":false,"hideUnresolved":false,"showOrphans":true,"showArrow":true,"textFadeMultiplier":0.3,"nodeSizeMultiplier":1.3022384784199,"lineSizeMultiplier":1.10795903438186,"centerStrength":0.452231163130944,"repelStrength":11.3299195318215,"linkStrength":0.650182882223848,"linkDistance":210,"scale":0.10799304553033141}