{"search":"","showTags":true,"showAttachments":false,"hideUnresolved":false,"showOrphans":true,"showArrow":true,"textFadeMultiplier":0.3,"nodeSizeMultiplier":1.3022384784199,"lineSizeMultiplier":1.10795903438186,"centerStrength":0.359180687637162,"repelStrength":9.61521580102414,"linkStrength":0.50256035113387,"linkDistance":98,"scale":0.9252288693772955}